wavelength_um,R,T
0.750000,0.3307253303,0.6692746697
0.770000,0.3091496892,0.6908503108
0.790000,0.2833103019,0.7166896981
0.810000,0.2541720019,0.7458279981
0.830000,0.2227409887,0.7772590113
0.850000,0.1900787710,0.8099212290
0.870000,0.1572909351,0.8427090649
0.890000,0.1254923491,0.8745076509
0.910000,0.0957537899,0.9042462101
0.930000,0.0690386052,0.9309613948
0.950000,0.0461405803,0.9538594197
0.970000,0.0276344565,0.9723655435
0.990000,0.0138480371,0.9861519629
1.010000,0.0048601005,0.9951398995
1.030000,0.0005228607,0.9994771393
1.050000,0.0005031477,0.9994968523
1.070000,0.0043339856,0.9956660144
1.090000,0.0114680999,0.9885319001
1.110000,0.0213265495,0.9786734505
1.130000,0.0333382317,0.9666617683
1.150000,0.0469685656,0.9530314344
